{"cameraMode":{"drawMode":0,"name":"Shaded","section":"Shading Mode"},"sceneLighting":true,"audioPlay":false,"sceneViewState":{"showFog":false,"showMaterialUpdate":false,"showSkybox":false,"showFlares":false,"showImageEffects":false,"showParticleSystems":true},"in2DMode":false,"pivot":{"x":-0.9574131965637207,"y":-1.507181167602539,"z":-8.204916000366211},"rotation":{"x":-0.05872694402933121,"y":0.9210159182548523,"z":-0.35333725810050967,"w":-0.15308062732219697},"size":30.629138946533204,"orthographic":false}