{"cameraMode":{"drawMode":0,"name":"Shaded","section":"Shading Mode"},"sceneLighting":true,"audioPlay":false,"sceneViewState":{"showFog":false,"showMaterialUpdate":false,"showSkybox":false,"showFlares":false,"showImageEffects":false,"showParticleSystems":true},"in2DMode":false,"pivot":{"x":2.8061811923980715,"y":-194.52175903320313,"z":-343.30291748046877},"rotation":{"x":0.001233115210197866,"y":0.966424822807312,"z":-0.25690481066703799,"w":0.004636771976947784},"size":409.53912353515627,"orthographic":false}