{"cameraMode":{"drawMode":0,"name":"Shaded","section":"Shading Mode"},"sceneLighting":true,"audioPlay":false,"sceneViewState":{"showFog":false,"showMaterialUpdate":false,"showSkybox":false,"showFlares":false,"showImageEffects":false,"showParticleSystems":true},"in2DMode":false,"pivot":{"x":3.4381473064422609,"y":1.3467915058135987,"z":-2.4405622482299806},"rotation":{"x":-0.0074363527819514278,"y":0.9791275858879089,"z":-0.19981500506401063,"w":-0.03643977269530296},"size":7.675503730773926,"orthographic":false}